{
  "model/models.js": 1644489927149,
  "i18n/i18n.properties": 1644489927141,
  "utils/locate-reuse-libs.js": 1644489927145,
  "manifest.json": 1644492553123,
  "controller/View1.controller.js": 1644489927153,
  "Component.js": 1644490489520,
  "manifest-bundle.zip": 1644492553144,
  "Component-preload.js": 1644492553431,
  "controller/View1-dbg.controller.js": 1644489927153,
  "model/models-dbg.js": 1644489927149,
  "utils/locate-reuse-libs-dbg.js": 1644489927145,
  "Component-dbg.js": 1644490489520,
  "view/View1.view.xml": 1644489927152,
  "css/style.css": 1644489927147,
  "index.html": 1644489927137
}